{
    "Task01_BrainTumour": {
        "spacing": [
            1.0,
            1.0,
            1.0
        ],
        "mean": [
            0.2986226962311113,
            0.25787507083725536,
            0.2680531304278693,
            0.29744704622305834
        ],
        "std": [
            0.22235905665417702,
            0.22243012926788025,
            0.22241682446836175,
            0.22249324796540865
        ],
        "0.5": [
            0.03374233128834356,
            0.02053388090349076,
            0.022222222222222223,
            0.05845511482254697
        ],
        "99.5": [
            0.7062196735774151,
            0.5748738081884465,
            0.757405269854603,
            0.9116555308092057
        ]
    },
    "Task02_Heart": {
        "spacing": [
            1.25,
            1.25,
            1.3700000047683716
        ],
        "mean": 0.5491150346991763,
        "std": 0.09461715421305575,
        "0.5": 0.31076358578732477,
        "99.5": 0.7577273131953374
    }
}